[
  {
    "cinemaId": 0,
    "name": "Bajka",
    "city": "Poznań",
    "seatsRows": 6,
    "seatsCols": 10,
    "seances": [
      {
        "seanceId": 0,
        "movieTitle": "Przeminęło z wiatrem",
        "date": "2019-07-10",
        "time": "12:30",
        "duration": 120,
        "ticketPrice": 34
      },
      {
        "seanceId": 1,
        "movieTitle": "Krwawy okręt",
        "date": "2019-07-10",
        "time": "15:30",
        "duration": 117,
        "ticketPrice": 20
      },
      {
        "seanceId": 2,
        "movieTitle": "Bezsenność w Seattle",
        "date": "2019-07-10",
        "time": "18:00",
        "duration": 107,
        "ticketPrice": 32
      }
    ]
  },
  {
    "cinemaId": 1,
    "name": "Twoje Kino",
    "city": "Wrocław",
    "seatsRows": 7,
    "seatsCols": 9,
    "seances": [
      {
        "seanceId": 3,
        "movieTitle": "Kate i Leopold",
        "date": "2019-07-10",
        "time": "11:00",
        "duration": 113,
        "ticketPrice": 35
      },
      {
        "seanceId": 4,
        "movieTitle": "Cast Away - Poza światem",
        "date": "2019-07-10",
        "time": "13:00",
        "duration": 135,
        "ticketPrice": 30
      },
      {
        "seanceId": 5,
        "movieTitle": "Martwica mózgu",
        "date": "2019-07-10",
        "time": "17:00",
        "duration": 111,
        "ticketPrice": 10
      }
    ]
  },
  {
    "cinemaId": 2,
    "name": "Zielony Balonik",
    "city": "Łódź",
    "seatsRows": 8,
    "seatsCols": 10,
    "seances": [
      {
        "seanceId": 6,
        "movieTitle": "Park Jurajski",
        "date": "2019-07-10",
        "time": "11:30",
        "duration": 121,
        "ticketPrice": 22
      },
      {
        "seanceId": 7,
        "movieTitle": "Hobbit",
        "date": "2019-07-10",
        "time": "15:30",
        "duration": 182,
        "ticketPrice": 32
      },
      {
        "seanceId": 8,
        "movieTitle": "Incepcja",
        "date": "2019-07-10",
        "time": "19:00",
        "duration": 123,
        "ticketPrice": 40
      }
    ]
  },
  {
    "cinemaId": 3,
    "name": "Marzenie",
    "city": "Warszawa",
    "seatsRows": 6,
    "seatsCols": 8,
    "seances": [
      {
        "seanceId": 9,
        "movieTitle": "Bękarty wojny",
        "date": "2019-07-10",
        "time": "15:30",
        "duration": 114,
        "ticketPrice": 38
      },
      {
        "seanceId": 10,
        "movieTitle": "Star Trek",
        "date": "2019-07-10",
        "time": "18:45",
        "duration": 125,
        "ticketPrice": 28
      },
      {
        "seanceId": 11,
        "movieTitle": "Martwa dziewczyna",
        "date": "2019-07-10",
        "time": "21:00",
        "duration": 107,
        "ticketPrice": 31
      }
    ]
  }
]
